,macro_f1,log_loss
validation,1.0,0.003486368858414007
test,1.0,0.003425856094103966
